,Date,Precipitation
0,2016-08-23,0.0
1009,2016-08-23,
1529,2016-08-23,45.5
704,2016-08-23,1.3
361,2016-08-23,3.8
1881,2016-08-23,17.8
1192,2016-08-23,0.5
1,2016-08-24,2.0
1530,2016-08-24,54.6
705,2016-08-24,57.9
1010,2016-08-24,
1882,2016-08-24,36.8
1193,2016-08-24,31.0
362,2016-08-24,54.6
2,2016-08-25,2.0
706,2016-08-25,0.0
1194,2016-08-25,5.3
1531,2016-08-25,1.5
1011,2016-08-25,0.0
1883,2016-08-25,2.8
363,2016-08-25,2.0
364,2016-08-26,0.8
1532,2016-08-26,0.3
1195,2016-08-26,0.0
1012,2016-08-26,1.0
707,2016-08-26,0.5
3,2016-08-26,0.0
365,2016-08-27,4.6
1533,2016-08-27,3.0
4,2016-08-27,0.0
1196,2016-08-27,0.0
708,2016-08-27,0.5
1884,2016-08-27,
1534,2016-08-28,15.2
709,2016-08-28,3.6
5,2016-08-28,0.3
1197,2016-08-28,3.6
366,2016-08-28,3.6
1885,2016-08-28,52.6
6,2016-08-29,0.0
1013,2016-08-29,
710,2016-08-29,1.0
1198,2016-08-29,0.0
367,2016-08-29,4.3
1886,2016-08-29,22.9
1535,2016-08-29,8.9
1536,2016-08-30,0.0
1014,2016-08-30,0.5
368,2016-08-30,0.0
1887,2016-08-30,1.3
7,2016-08-30,0.0
1199,2016-08-30,0.0
369,2016-08-31,2.5
711,2016-08-31,
1537,2016-08-31,6.1
8,2016-08-31,3.3
1015,2016-08-31,
1888,2016-08-31,62.5
1200,2016-08-31,6.4
712,2016-09-01,0.0
1538,2016-09-01,0.5
9,2016-09-01,0.0
1016,2016-09-01,
1889,2016-09-01,0.3
370,2016-09-01,0.0
10,2016-09-02,0.0
1890,2016-09-02,0.8
371,2016-09-02,0.5
1201,2016-09-02,
1017,2016-09-02,
1539,2016-09-02,0.3
713,2016-09-02,4.8
1891,2016-09-03,25.4
1202,2016-09-03,2.0
1540,2016-09-03,3.0
11,2016-09-03,0.0
372,2016-09-03,1.8
373,2016-09-04,0.8
1541,2016-09-04,3.6
1203,2016-09-04,18.8
12,2016-09-04,0.8
1892,2016-09-04,11.2
1204,2016-09-05,0.5
1542,2016-09-05,0.8
374,2016-09-05,2.8
714,2016-09-05,
13,2016-09-05,
1893,2016-09-05,4.6
14,2016-09-06,
375,2016-09-06,1.3
1205,2016-09-06,0.8
1894,2016-09-06,25.4
1543,2016-09-06,2.8
715,2016-09-06,1.0
1544,2016-09-07,4.1
15,2016-09-07,1.3
1206,2016-09-07,2.8
376,2016-09-07,2.5
1895,2016-09-07,34.3
716,2016-09-07,5.8
1545,2016-09-08,1.8
1207,2016-09-08,0.3
1896,2016-09-08,3.8
377,2016-09-08,5.6
717,2016-09-08,0.3
1018,2016-09-08,
16,2016-09-08,0.0
1208,2016-09-09,5.8
1897,2016-09-09,8.9
718,2016-09-09,7.4
1019,2016-09-09,
378,2016-09-09,0.3
17,2016-09-09,0.8
1546,2016-09-09,4.1
18,2016-09-10,0.0
1209,2016-09-10,3.6
1898,2016-09-10,29.5
379,2016-09-10,0.3
1547,2016-09-10,2.3
1548,2016-09-11,7.6
1210,2016-09-11,3.0
380,2016-09-11,4.6
19,2016-09-11,1.3
1899,2016-09-11,15.2
1900,2016-09-12,26.4
719,2016-09-12,
381,2016-09-12,1.0
1020,2016-09-12,
1549,2016-09-12,7.9
20,2016-09-12,0.0
1211,2016-09-12,3.8
1021,2016-09-13,
21,2016-09-13,0.5
1901,2016-09-13,30.5
720,2016-09-13,8.1
1212,2016-09-13,11.7
1550,2016-09-13,8.6
382,2016-09-13,9.4
22,2016-09-14,33.5
383,2016-09-14,22.9
1213,2016-09-14,30.2
721,2016-09-14,46.7
1902,2016-09-14,170.2
1551,2016-09-14,59.2
1022,2016-09-14,
23,2016-09-15,10.7
1023,2016-09-15,
1214,2016-09-15,4.3
384,2016-09-15,3.0
722,2016-09-15,1.8
1903,2016-09-15,85.1
1552,2016-09-15,21.1
1904,2016-09-16,15.5
1024,2016-09-16,0.0
24,2016-09-16,1.5
723,2016-09-16,1.8
1553,2016-09-16,1.5
1215,2016-09-16,0.3
385,2016-09-16,0.3
1216,2016-09-17,0.0
1905,2016-09-17,5.8
386,2016-09-17,1.0
1554,2016-09-17,9.1
25,2016-09-17,1.3
387,2016-09-18,0.0
1555,2016-09-18,1.8
1217,2016-09-18,1.0
1906,2016-09-18,10.7
26,2016-09-18,0.0
1907,2016-09-19,6.4
1556,2016-09-19,0.3
1218,2016-09-19,1.3
27,2016-09-19,0.0
388,2016-09-19,0.3
724,2016-09-19,
1025,2016-09-19,
1026,2016-09-20,0.0
389,2016-09-20,2.3
1557,2016-09-20,5.6
28,2016-09-20,0.0
1219,2016-09-20,1.0
725,2016-09-20,6.4
1908,2016-09-20,10.9
390,2016-09-21,1.5
29,2016-09-21,0.0
1558,2016-09-21,1.8
726,2016-09-21,0.5
1909,2016-09-21,25.9
1220,2016-09-21,0.0
1910,2016-09-22,19.0
391,2016-09-22,2.3
1027,2016-09-22,1.5
1221,2016-09-22,0.3
727,2016-09-22,4.3
1559,2016-09-22,8.6
30,2016-09-22,0.5
1911,2016-09-23,8.4
1028,2016-09-23,0.0
1560,2016-09-23,23.9
728,2016-09-23,3.8
1222,2016-09-23,0.0
392,2016-09-23,3.8
31,2016-09-23,0.0
393,2016-09-24,0.0
1912,2016-09-24,6.9
1223,2016-09-24,0.0
32,2016-09-24,0.0
729,2016-09-24,0.0
1561,2016-09-24,0.3
33,2016-09-25,0.0
394,2016-09-25,0.5
1562,2016-09-25,0.8
730,2016-09-25,0.0
1224,2016-09-25,0.0
1913,2016-09-25,1.0
731,2016-09-26,0.5
1563,2016-09-26,4.3
1914,2016-09-26,25.9
395,2016-09-26,1.5
1225,2016-09-26,8.6
34,2016-09-26,1.5
1029,2016-09-26,
396,2016-09-27,3.0
1226,2016-09-27,1.3
732,2016-09-27,0.0
1915,2016-09-27,25.4
1564,2016-09-27,4.3
35,2016-09-27,0.5
1227,2016-09-28,0.0
36,2016-09-28,0.0
1030,2016-09-28,0.0
1916,2016-09-28,1.3
397,2016-09-28,2.0
1565,2016-09-28,0.0
733,2016-09-28,0.0
734,2016-09-29,5.1
37,2016-09-29,0.0
1031,2016-09-29,1.0
1566,2016-09-29,15.0
398,2016-09-29,12.4
1917,2016-09-29,37.8
1228,2016-09-29,4.6
1567,2016-09-30,6.4
399,2016-09-30,7.9
1032,2016-09-30,
1918,2016-09-30,9.7
38,2016-09-30,0.0
735,2016-09-30,1.5
1229,2016-09-30,3.8
39,2016-10-01,0.0
400,2016-10-01,3.6
736,2016-10-01,2.0
1568,2016-10-01,3.6
1230,2016-10-01,1.8
1919,2016-10-01,25.9
1920,2016-10-02,15.5
1231,2016-10-02,0.0
401,2016-10-02,0.5
737,2016-10-02,0.8
1569,2016-10-02,1.5
40,2016-10-02,0.0
738,2016-10-03,0.8
1921,2016-10-03,11.7
1232,2016-10-03,0.0
1033,2016-10-03,
402,2016-10-03,1.0
1570,2016-10-03,4.1
41,2016-10-03,0.0
1922,2016-10-04,87.9
1233,2016-10-04,0.0
1034,2016-10-04,
1571,2016-10-04,0.8
739,2016-10-04,0.0
403,2016-10-04,0.0
42,2016-10-04,0.0
1923,2016-10-05,20.6
404,2016-10-05,0.0
1572,2016-10-05,0.3
740,2016-10-05,0.0
1234,2016-10-05,0.0
1035,2016-10-05,
43,2016-10-05,0.0
741,2016-10-06,0.0
1235,2016-10-06,0.0
1924,2016-10-06,1.0
1036,2016-10-06,1.8
1573,2016-10-06,0.0
405,2016-10-06,1.3
44,2016-10-06,0.0
1236,2016-10-07,0.0
1037,2016-10-07,
1574,2016-10-07,0.0
406,2016-10-07,0.0
1925,2016-10-07,0.3
45,2016-10-07,0.0
742,2016-10-07,0.0
1926,2016-10-08,1.0
1575,2016-10-08,0.0
1237,2016-10-08,0.0
407,2016-10-08,0.0
46,2016-10-08,0.0
1927,2016-10-09,0.0
1576,2016-10-09,0.0
1238,2016-10-09,0.0
47,2016-10-09,0.0
408,2016-10-09,0.0
409,2016-10-10,0.0
1239,2016-10-10,0.0
48,2016-10-10,0.0
1577,2016-10-10,0.0
1928,2016-10-10,0.0
743,2016-10-10,
49,2016-10-11,0.0
744,2016-10-11,1.0
1578,2016-10-11,7.1
410,2016-10-11,0.5
1240,2016-10-11,0.0
1929,2016-10-11,8.9
1038,2016-10-11,
411,2016-10-12,0.8
50,2016-10-12,0.0
1930,2016-10-12,0.5
1241,2016-10-12,0.0
1579,2016-10-12,0.8
745,2016-10-12,0.0
51,2016-10-13,0.0
1931,2016-10-13,1.5
1580,2016-10-13,0.0
1039,2016-10-13,
746,2016-10-13,0.5
1242,2016-10-13,0.0
412,2016-10-13,0.0
1581,2016-10-14,0.0
1243,2016-10-14,0.0
747,2016-10-14,0.0
1932,2016-10-14,0.0
52,2016-10-14,0.0
413,2016-10-14,0.0
414,2016-10-15,0.0
748,2016-10-15,0.5
53,2016-10-15,0.0
1933,2016-10-15,8.4
1582,2016-10-15,1.0
1244,2016-10-15,0.0
1934,2016-10-16,0.0
1583,2016-10-16,0.0
415,2016-10-16,0.0
1245,2016-10-16,0.0
54,2016-10-16,0.0
1040,2016-10-17,
1584,2016-10-17,0.3
55,2016-10-17,0.3
749,2016-10-17,
1246,2016-10-17,3.0
416,2016-10-17,0.8
1935,2016-10-17,9.7
1247,2016-10-18,0.5
56,2016-10-18,0.0
417,2016-10-18,1.3
1585,2016-10-18,0.5
1041,2016-10-18,
750,2016-10-18,0.8
1936,2016-10-18,12.2
1042,2016-10-19,
1248,2016-10-19,0.0
1586,2016-10-19,2.8
1937,2016-10-19,0.0
57,2016-10-19,0.0
751,2016-10-19,0.0
418,2016-10-19,1.5
58,2016-10-20,0.0
752,2016-10-20,0.3
1587,2016-10-20,0.0
1043,2016-10-20,
1938,2016-10-20,25.4
419,2016-10-20,0.0
1044,2016-10-21,
420,2016-10-21,3.8
1939,2016-10-21,2.3
1249,2016-10-21,
753,2016-10-21,0.8
59,2016-10-21,1.3
1588,2016-10-21,0.0
1940,2016-10-22,34.8
1589,2016-10-22,3.8
60,2016-10-22,3.8
421,2016-10-22,2.5
1250,2016-10-22,0.0
1590,2016-10-23,0.5
1251,2016-10-23,0.0
422,2016-10-23,0.3
61,2016-10-23,0.3
754,2016-10-23,
1941,2016-10-23,6.1
755,2016-10-24,0.3
423,2016-10-24,0.0
1591,2016-10-24,2.0
1942,2016-10-24,17.8
1252,2016-10-24,0.0
62,2016-10-24,0.0
1045,2016-10-24,
1943,2016-10-25,10.2
424,2016-10-25,1.0
756,2016-10-25,0.0
1592,2016-10-25,2.8
63,2016-10-25,0.8
1046,2016-10-25,10.2
1253,2016-10-25,3.0
1944,2016-10-26,0.0
425,2016-10-26,1.5
1593,2016-10-26,0.3
64,2016-10-26,0.0
1047,2016-10-26,5.1
1254,2016-10-26,0.5
1048,2016-10-27,
65,2016-10-27,0.0
426,2016-10-27,2.8
1255,2016-10-27,2.0
1945,2016-10-27,31.8
1594,2016-10-27,5.6
757,2016-10-27,5.1
1595,2016-10-28,1.3
758,2016-10-28,1.8
1256,2016-10-28,1.5
1049,2016-10-28,
66,2016-10-28,0.0
427,2016-10-28,0.5
1946,2016-10-28,9.4
428,2016-10-29,0.5
759,2016-10-29,6.6
1947,2016-10-29,6.4
67,2016-10-29,0.0
1257,2016-10-29,0.3
1596,2016-10-29,2.5
429,2016-10-30,2.5
760,2016-10-30,3.6
68,2016-10-30,6.1
1948,2016-10-30,24.1
1597,2016-10-30,4.1
1258,2016-10-30,0.0
761,2016-10-31,0.0
1259,2016-10-31,3.3
1949,2016-10-31,34.3
1050,2016-10-31,
1598,2016-10-31,1.8
69,2016-10-31,0.8
430,2016-10-31,0.8
1260,2016-11-01,0.3
1599,2016-11-01,2.5
70,2016-11-01,0.0
431,2016-11-01,0.3
762,2016-11-01,0.0
1950,2016-11-01,2.3
1951,2016-11-02,1.0
763,2016-11-02,0.0
1600,2016-11-02,0.0
71,2016-11-02,0.0
432,2016-11-02,0.0
1261,2016-11-02,0.0
433,2016-11-03,0.0
1601,2016-11-03,0.0
72,2016-11-03,0.0
1262,2016-11-03,0.0
764,2016-11-03,0.0
1952,2016-11-03,0.5
434,2016-11-04,0.0
1602,2016-11-04,0.0
765,2016-11-04,0.0
1263,2016-11-04,0.0
1953,2016-11-04,1.5
1051,2016-11-04,
73,2016-11-04,0.0
766,2016-11-05,0.0
435,2016-11-05,0.5
1603,2016-11-05,0.8
1954,2016-11-05,9.7
1264,2016-11-05,0.5
74,2016-11-05,0.0
767,2016-11-06,0.0
75,2016-11-06,0.0
1955,2016-11-06,1.3
436,2016-11-06,0.5
1604,2016-11-06,0.3
1265,2016-11-06,0.0
768,2016-11-07,3.3
1266,2016-11-07,0.0
1052,2016-11-07,
1956,2016-11-07,1.3
76,2016-11-07,0.0
437,2016-11-07,0.0
1605,2016-11-07,0.0
1606,2016-11-08,5.3
1957,2016-11-08,13.5
1267,2016-11-08,3.8
77,2016-11-08,1.8
769,2016-11-08,0.5
438,2016-11-08,3.6
1607,2016-11-09,2.8
770,2016-11-09,4.3
78,2016-11-09,0.0
1053,2016-11-09,0.0
439,2016-11-09,2.0
1958,2016-11-09,1.0
1268,2016-11-09,0.0
440,2016-11-10,0.0
1269,2016-11-10,0.0
1608,2016-11-10,0.0
79,2016-11-10,0.0
771,2016-11-10,0.0
1959,2016-11-10,0.3
1960,2016-11-11,0.0
441,2016-11-11,0.0
1270,2016-11-11,0.0
1609,2016-11-11,0.0
772,2016-11-11,0.0
80,2016-11-11,0.0
1271,2016-11-12,0.0
1610,2016-11-12,0.0
773,2016-11-12,0.0
1961,2016-11-12,0.0
442,2016-11-12,0.0
81,2016-11-12,0.0
82,2016-11-13,0.0
1962,2016-11-13,0.0
774,2016-11-13,0.0
1272,2016-11-13,0.0
443,2016-11-13,0.0
1611,2016-11-13,0.0
1612,2016-11-14,0.0
1273,2016-11-14,0.0
1963,2016-11-14,0.5
83,2016-11-14,0.0
1054,2016-11-14,0.5
444,2016-11-14,1.5
775,2016-11-14,1.3
84,2016-11-15,0.0
1274,2016-11-15,0.0
1964,2016-11-15,1.3
1055,2016-11-15,
445,2016-11-15,0.0
1613,2016-11-15,0.0
776,2016-11-15,0.0
446,2016-11-16,3.6
777,2016-11-16,4.6
1614,2016-11-16,6.1
1056,2016-11-16,
1965,2016-11-16,23.1
85,2016-11-16,0.0
1275,2016-11-16,1.8
1276,2016-11-17,0.0
778,2016-11-17,0.0
1057,2016-11-17,
1966,2016-11-17,0.5
447,2016-11-17,0.8
86,2016-11-17,0.0
1615,2016-11-17,0.3
1058,2016-11-18,
448,2016-11-18,0.3
87,2016-11-18,0.0
1277,2016-11-18,0.5
1616,2016-11-18,0.0
1278,2016-11-19,3.3
88,2016-11-19,0.8
1617,2016-11-19,2.8
449,2016-11-19,2.8
89,2016-11-20,1.3
1967,2016-11-20,
450,2016-11-20,2.8
1279,2016-11-20,10.2
1618,2016-11-20,9.9
1280,2016-11-21,1.8
1059,2016-11-21,
1619,2016-11-21,2.8
90,2016-11-21,0.3
451,2016-11-21,0.5
1968,2016-11-21,72.9
1060,2016-11-22,
452,2016-11-22,10.4
1969,2016-11-22,53.6
1620,2016-11-22,52.1
1281,2016-11-22,7.9
779,2016-11-22,
91,2016-11-22,3.3
92,2016-11-23,3.6
1621,2016-11-23,6.4
453,2016-11-23,0.8
1061,2016-11-23,
1282,2016-11-23,0.8
1970,2016-11-23,5.6
454,2016-11-24,5.1
1971,2016-11-24,18.3
1622,2016-11-24,7.6
93,2016-11-24,1.3
1283,2016-11-24,5.3
1972,2016-11-25,26.2
1284,2016-11-25,2.8
780,2016-11-25,
455,2016-11-25,1.3
1623,2016-11-25,2.0
94,2016-11-25,1.3
1624,2016-11-26,1.5
1973,2016-11-26,7.6
95,2016-11-26,1.3
1285,2016-11-26,0.8
781,2016-11-26,0.5
456,2016-11-26,1.3
1625,2016-11-27,4.3
457,2016-11-27,1.5
1286,2016-11-27,0.0
782,2016-11-27,0.8
1974,2016-11-27,7.4
96,2016-11-27,0.0
97,2016-11-28,0.3
1287,2016-11-28,0.0
458,2016-11-28,0.5
783,2016-11-28,0.0
1062,2016-11-28,
1975,2016-11-28,17.5
1626,2016-11-28,0.0
1288,2016-11-29,1.5
784,2016-11-29,1.0
1627,2016-11-29,2.3
459,2016-11-29,1.0
1976,2016-11-29,5.1
98,2016-11-29,0.0
1063,2016-11-29,
99,2016-11-30,3.6
1628,2016-11-30,1.3
1289,2016-11-30,0.0
785,2016-11-30,0.8
460,2016-11-30,1.3
1977,2016-11-30,20.1
1064,2016-11-30,
1290,2016-12-01,4.1
786,2016-12-01,1.8
1065,2016-12-01,
100,2016-12-01,3.0
1629,2016-12-01,9.4
1978,2016-12-01,18.3
461,2016-12-01,8.4
1066,2016-12-02,
1291,2016-12-02,0.3
1979,2016-12-02,32.3
101,2016-12-02,0.8
787,2016-12-02,10.2
462,2016-12-02,7.6
1630,2016-12-02,8.9
1292,2016-12-03,0.5
788,2016-12-03,6.6
463,2016-12-03,1.0
1631,2016-12-03,19.6
102,2016-12-03,0.0
1980,2016-12-03,41.1
1632,2016-12-04,1.0
464,2016-12-04,2.5
103,2016-12-04,0.8
1293,2016-12-04,8.1
789,2016-12-04,0.0
1981,2016-12-04,7.9
1982,2016-12-05,40.6
1067,2016-12-05,
790,2016-12-05,5.1
465,2016-12-05,8.6
1294,2016-12-05,11.4
1633,2016-12-05,5.6
104,2016-12-05,10.9
466,2016-12-06,0.5
1295,2016-12-06,0.0
1634,2016-12-06,0.0
105,2016-12-06,0.5
1068,2016-12-06,
1983,2016-12-06,0.0
791,2016-12-07,
106,2016-12-07,0.0
1296,2016-12-07,1.8
1984,2016-12-07,0.5
1635,2016-12-07,3.0
467,2016-12-07,4.3
1069,2016-12-07,
1297,2016-12-08,0.3
1636,2016-12-08,1.8
468,2016-12-08,0.8
1985,2016-12-08,0.8
792,2016-12-08,0.5
1070,2016-12-08,6.9
107,2016-12-08,0.8
793,2016-12-09,6.6
469,2016-12-09,8.6
108,2016-12-09,13.2
1637,2016-12-09,7.9
1986,2016-12-09,10.7
1071,2016-12-09,
794,2016-12-10,0.0
470,2016-12-10,0.5
109,2016-12-10,1.3
1298,2016-12-10,
1638,2016-12-10,0.5
1987,2016-12-10,1.0
1639,2016-12-11,0.0
471,2016-12-11,0.5
1988,2016-12-11,3.3
1299,2016-12-11,1.5
110,2016-12-11,1.0
1989,2016-12-12,0.3
111,2016-12-12,0.3
1300,2016-12-12,0.0
795,2016-12-12,
1072,2016-12-12,0.5
1640,2016-12-12,0.0
472,2016-12-12,0.3
473,2016-12-13,2.5
1301,2016-12-13,3.8
1641,2016-12-13,1.0
1990,2016-12-13,2.3
112,2016-12-13,1.3
796,2016-12-13,8.6
1073,2016-12-13,
1991,2016-12-14,8.4
1302,2016-12-14,1.3
474,2016-12-14,1.3
1642,2016-12-14,23.4
1074,2016-12-14,
113,2016-12-14,0.8
797,2016-12-14,3.0
1303,2016-12-15,0.0
475,2016-12-15,0.5
1643,2016-12-15,3.6
1992,2016-12-15,0.8
798,2016-12-15,1.8
1075,2016-12-15,
114,2016-12-15,0.0
799,2016-12-16,0.0
1993,2016-12-16,0.0
1644,2016-12-16,0.8
1304,2016-12-16,0.0
476,2016-12-16,0.3
1076,2016-12-16,
115,2016-12-16,0.0
116,2016-12-17,0.3
800,2016-12-17,0.0
1305,2016-12-17,4.1
1645,2016-12-17,1.8
477,2016-12-17,2.8
1306,2016-12-18,6.9
801,2016-12-18,1.0
478,2016-12-18,7.4
1646,2016-12-18,4.1
117,2016-12-18,3.3
1994,2016-12-18,
1077,2016-12-19,
1307,2016-12-19,0.5
479,2016-12-19,5.3
1647,2016-12-19,0.8
118,2016-12-19,0.3
1995,2016-12-19,3.8
802,2016-12-19,0.0
119,2016-12-20,0.0
480,2016-12-20,0.5
1078,2016-12-20,
1308,2016-12-20,0.3
803,2016-12-20,0.0
1996,2016-12-20,0.0
1648,2016-12-20,0.0
804,2016-12-21,2.3
481,2016-12-21,0.8
120,2016-12-21,0.0
1649,2016-12-21,2.8
1079,2016-12-21,1.5
1309,2016-12-21,1.5
1997,2016-12-21,14.0
1650,2016-12-22,21.8
1310,2016-12-22,3.6
121,2016-12-22,0.3
1998,2016-12-22,31.5
1080,2016-12-22,
805,2016-12-22,1.3
482,2016-12-22,4.3
806,2016-12-23,0.8
483,2016-12-23,2.5
1651,2016-12-23,6.1
1081,2016-12-23,
1311,2016-12-23,0.5
1999,2016-12-23,21.1
122,2016-12-23,0.3
807,2016-12-24,3.3
2000,2016-12-24,27.4
1652,2016-12-24,5.1
123,2016-12-24,0.3
484,2016-12-24,3.6
1312,2016-12-24,1.5
1653,2016-12-25,0.5
1313,2016-12-25,0.0
2001,2016-12-25,9.7
485,2016-12-25,0.8
124,2016-12-25,0.0
125,2016-12-26,0.5
1314,2016-12-26,1.5
808,2016-12-26,
1654,2016-12-26,5.6
2002,2016-12-26,37.6
486,2016-12-26,6.6
126,2016-12-27,0.0
1655,2016-12-27,1.3
1315,2016-12-27,0.0
809,2016-12-27,0.5
487,2016-12-27,0.8
2003,2016-12-27,3.6
1656,2016-12-28,2.3
488,2016-12-28,2.3
1082,2016-12-28,
810,2016-12-28,0.3
1316,2016-12-28,1.5
2004,2016-12-28,3.6
127,2016-12-28,0.5
2005,2016-12-29,26.2
489,2016-12-29,4.6
128,2016-12-29,1.0
1317,2016-12-29,1.3
1083,2016-12-29,
811,2016-12-29,14.2
1657,2016-12-29,13.2
490,2016-12-30,5.3
1658,2016-12-30,7.4
2006,2016-12-30,60.2
1084,2016-12-30,
129,2016-12-30,3.0
812,2016-12-30,7.4
1318,2016-12-30,1.8
491,2016-12-31,15.7
1659,2016-12-31,6.4
2007,2016-12-31,22.9
813,2016-12-31,9.1
130,2016-12-31,0.3
1660,2017-01-01,0.8
2008,2017-01-01,0.8
814,2017-01-01,0.0
492,2017-01-01,7.4
131,2017-01-01,0.0
1319,2017-01-01,
493,2017-01-02,0.0
815,2017-01-02,0.3
132,2017-01-02,0.0
2009,2017-01-02,0.0
1661,2017-01-02,0.3
133,2017-01-03,0.0
494,2017-01-03,0.0
816,2017-01-03,0.0
1320,2017-01-03,
2010,2017-01-03,0.0
1662,2017-01-03,0.0
495,2017-01-04,0.0
1321,2017-01-04,4.6
1663,2017-01-04,0.0
2011,2017-01-04,0.0
134,2017-01-04,0.0
817,2017-01-04,0.0
2012,2017-01-05,11.9
818,2017-01-05,0.0
135,2017-01-05,0.0
1322,2017-01-05,10.7
496,2017-01-05,0.0
1664,2017-01-05,1.5
1665,2017-01-06,2.5
497,2017-01-06,0.0
1323,2017-01-06,0.3
136,2017-01-06,0.0
819,2017-01-06,15.0
2013,2017-01-06,2.5
1324,2017-01-07,0.0
498,2017-01-07,1.5
2014,2017-01-07,0.0
820,2017-01-07,0.0
1666,2017-01-07,0.0
137,2017-01-07,0.0
1325,2017-01-08,0.0
2015,2017-01-08,0.8
1667,2017-01-08,0.0
499,2017-01-08,0.0
821,2017-01-08,0.8
138,2017-01-08,0.0
139,2017-01-09,0.0
1326,2017-01-09,0.0
1668,2017-01-09,0.0
2016,2017-01-09,0.0
500,2017-01-09,0.0
1085,2017-01-09,
822,2017-01-09,0.0
1669,2017-01-10,0.0
823,2017-01-10,0.0
140,2017-01-10,0.0
1327,2017-01-10,0.0
2017,2017-01-10,0.0
501,2017-01-10,0.0
1086,2017-01-10,
824,2017-01-11,0.0
2018,2017-01-11,0.0
502,2017-01-11,0.0
141,2017-01-11,0.0
1670,2017-01-11,0.0
1087,2017-01-11,
1671,2017-01-12,0.0
1088,2017-01-12,
2019,2017-01-12,0.0
503,2017-01-12,0.0
1328,2017-01-12,
142,2017-01-12,0.0
825,2017-01-13,
143,2017-01-13,0.0
2020,2017-01-13,0.0
1672,2017-01-13,0.0
1089,2017-01-13,
504,2017-01-13,0.0
1673,2017-01-14,0.3
2021,2017-01-14,0.0
144,2017-01-14,0.0
826,2017-01-14,0.0
505,2017-01-14,0.0
145,2017-01-15,0.0
1674,2017-01-15,0.0
1329,2017-01-15,
506,2017-01-15,0.0
2022,2017-01-15,0.3
827,2017-01-16,
1675,2017-01-16,0.0
507,2017-01-16,0.0
1330,2017-01-16,0.0
2023,2017-01-16,0.0
146,2017-01-16,0.0
2024,2017-01-17,0.0
508,2017-01-17,0.0
1090,2017-01-17,0.0
1676,2017-01-17,0.0
147,2017-01-17,0.0
828,2017-01-17,0.0
2025,2017-01-18,1.8
509,2017-01-18,0.0
1091,2017-01-18,0.0
148,2017-01-18,0.0
829,2017-01-18,0.0
1677,2017-01-18,0.0
1331,2017-01-18,
1332,2017-01-19,0.0
1092,2017-01-19,
149,2017-01-19,0.0
1678,2017-01-19,0.5
2026,2017-01-19,0.0
510,2017-01-19,0.0
830,2017-01-19,0.0
1093,2017-01-20,
1333,2017-01-20,0.0
831,2017-01-20,0.0
150,2017-01-20,0.0
511,2017-01-20,0.0
1679,2017-01-20,0.0
2027,2017-01-20,0.0
1680,2017-01-21,0.8
2028,2017-01-21,2.0
512,2017-01-21,1.0
832,2017-01-21,0.5
1334,2017-01-21,2.8
151,2017-01-21,0.0
513,2017-01-22,0.3
2029,2017-01-22,18.3
1335,2017-01-22,1.0
1681,2017-01-22,2.3
152,2017-01-22,4.1
153,2017-01-23,0.0
2030,2017-01-23,21.6
1682,2017-01-23,0.3
514,2017-01-23,2.0
1336,2017-01-23,0.0
833,2017-01-23,
1094,2017-01-23,
1683,2017-01-24,3.3
1095,2017-01-24,
2031,2017-01-24,47.0
1337,2017-01-24,2.0
515,2017-01-24,3.8
154,2017-01-24,1.0
1096,2017-01-25,
516,2017-01-25,3.0
1684,2017-01-25,20.1
2032,2017-01-25,67.1
834,2017-01-25,
155,2017-01-25,0.8
1338,2017-01-25,0.0
517,2017-01-26,0.0
156,2017-01-26,0.0
1097,2017-01-26,0.0
835,2017-01-26,0.3
2033,2017-01-26,2.5
1685,2017-01-26,0.0
1339,2017-01-26,0.0
1686,2017-01-27,0.8
1340,2017-01-27,0.0
2034,2017-01-27,0.8
1098,2017-01-27,0.0
518,2017-01-27,0.0
157,2017-01-27,0.0
836,2017-01-27,0.0
2035,2017-01-28,0.0
837,2017-01-28,0.0
519,2017-01-28,3.6
158,2017-01-28,0.0
1687,2017-01-28,0.0
520,2017-01-29,0.0
1341,2017-01-29,
1688,2017-01-29,6.6
159,2017-01-29,4.6
2036,2017-01-29,14.0
2037,2017-01-30,0.0
160,2017-01-30,0.0
838,2017-01-30,
1342,2017-01-30,0.0
1099,2017-01-30,1.3
521,2017-01-30,0.0
1689,2017-01-30,0.0
1690,2017-01-31,0.0
2038,2017-01-31,0.0
161,2017-01-31,0.0
522,2017-01-31,0.0
839,2017-01-31,0.0
1343,2017-01-31,0.0
1100,2017-01-31,0.0
1344,2017-02-01,0.0
2039,2017-02-01,0.0
1101,2017-02-01,0.0
162,2017-02-01,0.0
523,2017-02-01,0.0
1691,2017-02-01,0.0
840,2017-02-01,0.0
1692,2017-02-02,0.0
841,2017-02-02,0.0
1102,2017-02-02,0.0
163,2017-02-02,0.0
1345,2017-02-02,0.0
524,2017-02-02,0.0
2040,2017-02-02,0.0
1103,2017-02-03,0.0
164,2017-02-03,0.0
1346,2017-02-03,0.0
525,2017-02-03,0.0
842,2017-02-03,0.0
1693,2017-02-03,0.0
526,2017-02-04,0.0
1347,2017-02-04,0.0
165,2017-02-04,0.0
1694,2017-02-04,0.0
2041,2017-02-04,
843,2017-02-05,
166,2017-02-05,0.0
1348,2017-02-05,0.0
2042,2017-02-05,0.0
1695,2017-02-05,0.0
527,2017-02-05,0.0
167,2017-02-06,0.0
1349,2017-02-06,0.0
2043,2017-02-06,0.0
844,2017-02-06,1.0
528,2017-02-06,4.1
1696,2017-02-06,4.6
1104,2017-02-06,
845,2017-02-07,22.9
1105,2017-02-07,0.0
1697,2017-02-07,33.5
529,2017-02-07,27.4
1350,2017-02-07,45.7
168,2017-02-07,13.0
2044,2017-02-07,45.5
2045,2017-02-08,0.0
1106,2017-02-08,0.0
530,2017-02-08,27.4
1351,2017-02-08,0.0
846,2017-02-08,0.0
1698,2017-02-08,0.0
169,2017-02-08,0.0
1699,2017-02-09,0.0
1107,2017-02-09,0.0
1352,2017-02-09,0.0
2046,2017-02-09,0.0
847,2017-02-09,0.0
531,2017-02-09,0.5
170,2017-02-09,0.0
848,2017-02-10,0.0
1700,2017-02-10,0.0
1353,2017-02-10,0.0
171,2017-02-10,0.0
2047,2017-02-10,0.0
1108,2017-02-10,0.0
532,2017-02-10,0.0
2048,2017-02-11,18.5
1354,2017-02-11,128.0
1701,2017-02-11,43.9
172,2017-02-11,7.9
849,2017-02-11,60.7
533,2017-02-11,25.4
1355,2017-02-12,1.8
173,2017-02-12,66.5
850,2017-02-12,48.5
534,2017-02-12,27.2
2049,2017-02-12,46.5
1702,2017-02-12,75.7
2050,2017-02-13,0.0
851,2017-02-13,0.0
535,2017-02-13,73.7
1356,2017-02-13,0.0
174,2017-02-13,0.3
1109,2017-02-13,
1703,2017-02-13,0.3
1704,2017-02-14,0.0
2051,2017-02-14,0.3
175,2017-02-14,0.0
536,2017-02-14,0.0
852,2017-02-14,0.0
1110,2017-02-14,0.0
537,2017-02-15,0.0
853,2017-02-15,0.0
1705,2017-02-15,0.3
1357,2017-02-15,
1111,2017-02-15,
2052,2017-02-15,1.8
176,2017-02-15,0.0
177,2017-02-16,1.8
1358,2017-02-16,17.0
1112,2017-02-16,
854,2017-02-16,15.7
1706,2017-02-16,18.5
538,2017-02-16,0.0
2053,2017-02-16,3.3
1359,2017-02-17,1.5
855,2017-02-17,1.5
539,2017-02-17,20.3
1707,2017-02-17,3.3
178,2017-02-17,0.0
1113,2017-02-17,0.0
540,2017-02-18,0.0
1708,2017-02-18,0.0
2054,2017-02-18,
179,2017-02-18,0.0
1360,2017-02-18,0.3
541,2017-02-19,0.0
2055,2017-02-19,2.5
1709,2017-02-19,2.3
180,2017-02-19,0.0
542,2017-02-20,0.0
1361,2017-02-20,
181,2017-02-20,0.0
1710,2017-02-20,0.0
2056,2017-02-20,0.0
856,2017-02-20,
2057,2017-02-21,1.8
1711,2017-02-21,0.0
1114,2017-02-21,
857,2017-02-21,0.0
543,2017-02-21,0.0
182,2017-02-21,1.5
183,2017-02-22,1.5
544,2017-02-22,1.5
1115,2017-02-22,4.3
1362,2017-02-22,3.3
2058,2017-02-22,8.1
858,2017-02-22,2.8
1712,2017-02-22,1.5
1363,2017-02-23,0.0
1713,2017-02-23,0.0
184,2017-02-23,0.3
545,2017-02-23,0.0
2059,2017-02-23,0.0
859,2017-02-23,0.0
1116,2017-02-23,0.0
546,2017-02-24,0.0
2060,2017-02-24,0.0
185,2017-02-24,0.0
1364,2017-02-24,0.0
1117,2017-02-24,0.0
860,2017-02-24,0.0
1714,2017-02-24,0.0
547,2017-02-25,0.0
1715,2017-02-25,0.0
2061,2017-02-25,3.0
186,2017-02-25,0.8
2062,2017-02-26,0.0
1365,2017-02-26,
548,2017-02-26,0.0
1716,2017-02-26,0.0
861,2017-02-26,
187,2017-02-26,0.0
188,2017-02-27,0.0
549,2017-02-27,0.0
1717,2017-02-27,0.0
2063,2017-02-27,0.0
1366,2017-02-27,0.0
862,2017-02-27,0.0
1118,2017-02-27,
1119,2017-02-28,
1718,2017-02-28,1.0
1367,2017-02-28,0.0
2064,2017-02-28,14.7
550,2017-02-28,4.1
189,2017-02-28,0.0
863,2017-02-28,1.0
1719,2017-03-01,53.8
1120,2017-03-01,61.0
1368,2017-03-01,15.0
190,2017-03-01,30.2
551,2017-03-01,55.9
864,2017-03-01,28.4
2065,2017-03-01,50.8
552,2017-03-02,36.8
2066,2017-03-02,14.7
1369,2017-03-02,37.6
191,2017-03-02,18.5
1720,2017-03-02,47.8
1121,2017-03-02,11.2
553,2017-03-03,13.7
2067,2017-03-03,14.2
1122,2017-03-03,3.6
865,2017-03-03,
192,2017-03-03,11.9
1370,2017-03-03,6.4
1721,2017-03-03,6.9
1722,2017-03-04,0.0
2068,2017-03-04,0.0
1371,2017-03-04,0.0
193,2017-03-04,0.0
554,2017-03-04,0.0
1723,2017-03-05,10.4
194,2017-03-05,8.9
555,2017-03-05,2.5
2069,2017-03-05,8.9
195,2017-03-06,0.0
1372,2017-03-06,
866,2017-03-06,
1724,2017-03-06,0.8
556,2017-03-06,13.0
2070,2017-03-06,0.0
1123,2017-03-06,
557,2017-03-07,0.0
1124,2017-03-07,
867,2017-03-07,0.0
1725,2017-03-07,0.0
196,2017-03-07,0.0
2071,2017-03-07,0.0
868,2017-03-08,0.0
1726,2017-03-08,0.0
197,2017-03-08,0.0
558,2017-03-08,0.0
1125,2017-03-08,
2072,2017-03-08,0.0
869,2017-03-09,12.7
198,2017-03-09,0.0
1727,2017-03-09,16.5
1373,2017-03-09,
1126,2017-03-09,0.0
559,2017-03-09,20.3
2073,2017-03-09,0.3
2074,2017-03-10,0.0
1728,2017-03-10,0.8
870,2017-03-10,3.3
199,2017-03-10,0.0
1374,2017-03-10,0.0
1127,2017-03-10,0.0
560,2017-03-10,3.3
200,2017-03-11,0.0
1729,2017-03-11,0.3
1375,2017-03-11,0.0
561,2017-03-11,0.8
2075,2017-03-11,0.0
871,2017-03-12,
201,2017-03-12,0.0
562,2017-03-12,0.0
1730,2017-03-12,0.0
1376,2017-03-12,0.0
872,2017-03-13,0.0
2076,2017-03-13,
563,2017-03-13,0.0
1128,2017-03-13,
1731,2017-03-13,0.0
1377,2017-03-13,0.0
202,2017-03-13,0.0
1732,2017-03-14,0.0
873,2017-03-14,0.0
203,2017-03-14,0.0
2077,2017-03-14,0.0
1378,2017-03-14,0.0
564,2017-03-14,0.0
1129,2017-03-14,1.5
204,2017-03-15,0.0
2078,2017-03-15,0.0
1379,2017-03-15,0.0
565,2017-03-15,0.0
1130,2017-03-15,0.0
1733,2017-03-15,1.5
1734,2017-03-16,0.0
1380,2017-03-16,0.0
2079,2017-03-16,0.0
566,2017-03-16,0.0
1131,2017-03-16,
205,2017-03-16,0.0
874,2017-03-16,
875,2017-03-17,1.5
1381,2017-03-17,8.9
206,2017-03-17,0.0
1735,2017-03-17,3.0
1132,2017-03-17,
567,2017-03-17,4.8
1382,2017-03-18,0.0
876,2017-03-18,0.0
2080,2017-03-18,
568,2017-03-18,0.0
207,2017-03-18,0.0
1736,2017-03-18,0.0
569,2017-03-19,0.0
1383,2017-03-19,0.0
208,2017-03-19,0.0
2081,2017-03-19,0.0
1737,2017-03-19,0.0
1384,2017-03-20,0.0
570,2017-03-20,0.0
1738,2017-03-20,0.5
209,2017-03-20,0.0
2082,2017-03-20,0.0
877,2017-03-20,
2083,2017-03-21,0.0
1739,2017-03-21,2.3
210,2017-03-21,0.0
1385,2017-03-21,0.0
571,2017-03-21,0.0
878,2017-03-21,0.0
1740,2017-03-22,0.0
211,2017-03-22,0.0
572,2017-03-22,0.0
879,2017-03-22,0.0
2084,2017-03-22,0.0
1386,2017-03-22,0.0
880,2017-03-23,0.0
573,2017-03-23,0.0
212,2017-03-23,0.0
1387,2017-03-23,0.5
2085,2017-03-23,0.8
1741,2017-03-23,0.0
213,2017-03-24,0.5
881,2017-03-24,3.8
2086,2017-03-24,4.3
574,2017-03-24,15.2
1742,2017-03-24,3.0
1388,2017-03-24,1.8
2087,2017-03-25,12.2
1389,2017-03-25,10.9
214,2017-03-25,0.0
575,2017-03-25,3.3
1743,2017-03-25,23.6
215,2017-03-26,0.0
576,2017-03-26,0.0
1390,2017-03-26,0.0
1744,2017-03-26,0.0
2088,2017-03-26,0.0
2089,2017-03-27,0.0
1391,2017-03-27,0.0
216,2017-03-27,0.0
1745,2017-03-27,0.3
577,2017-03-27,0.0
882,2017-03-27,
578,2017-03-28,0.8
1392,2017-03-28,0.0
1746,2017-03-28,0.0
883,2017-03-28,0.0
1133,2017-03-28,
217,2017-03-28,0.0
2090,2017-03-28,17.3
884,2017-03-29,0.8
579,2017-03-29,0.0
218,2017-03-29,0.0
1747,2017-03-29,0.3
2091,2017-03-29,1.8
1134,2017-03-29,
1393,2017-03-29,2.0
219,2017-03-30,0.0
1394,2017-03-30,0.0
1748,2017-03-30,1.0
580,2017-03-30,2.0
885,2017-03-30,0.8
1135,2017-03-30,
1749,2017-03-31,0.3
581,2017-03-31,0.0
1395,2017-03-31,0.0
2092,2017-03-31,
886,2017-03-31,0.0
220,2017-03-31,0.0
1136,2017-03-31,0.0
1750,2017-04-01,5.3
887,2017-04-01,0.0
221,2017-04-01,0.0
2093,2017-04-01,5.1
582,2017-04-01,0.0
1396,2017-04-01,0.0
583,2017-04-02,0.0
1751,2017-04-02,0.0
2094,2017-04-02,0.0
222,2017-04-02,0.0
1397,2017-04-02,0.0
888,2017-04-02,0.0
1752,2017-04-03,6.6
584,2017-04-03,2.0
1137,2017-04-03,
223,2017-04-03,0.0
2095,2017-04-03,5.8
889,2017-04-03,2.3
1398,2017-04-03,0.0
585,2017-04-04,1.0
890,2017-04-04,0.0
1753,2017-04-04,2.3
1399,2017-04-04,0.0
224,2017-04-04,0.0
1138,2017-04-04,0.0
2096,2017-04-04,0.5
225,2017-04-05,0.0
1139,2017-04-05,0.0
1754,2017-04-05,2.5
2097,2017-04-05,11.4
586,2017-04-05,1.0
891,2017-04-05,1.8
1400,2017-04-05,0.0
2098,2017-04-06,0.0
892,2017-04-06,0.0
1140,2017-04-06,0.0
1401,2017-04-06,0.0
587,2017-04-06,0.0
226,2017-04-06,0.0
1755,2017-04-06,1.5
1141,2017-04-07,0.0
227,2017-04-07,0.0
893,2017-04-07,0.0
1402,2017-04-07,0.0
1756,2017-04-07,0.0
588,2017-04-07,0.0
1757,2017-04-08,0.0
2099,2017-04-08,
228,2017-04-08,0.0
589,2017-04-08,0.0
1758,2017-04-09,0.0
590,2017-04-09,0.0
229,2017-04-09,0.0
894,2017-04-09,
2100,2017-04-09,0.0
1403,2017-04-09,
230,2017-04-10,0.0
895,2017-04-10,0.0
2101,2017-04-10,0.0
1142,2017-04-10,
1759,2017-04-10,0.3
591,2017-04-10,0.3
1404,2017-04-10,0.0
592,2017-04-11,0.8
231,2017-04-11,0.0
1760,2017-04-11,0.8
896,2017-04-11,4.1
1405,2017-04-11,0.0
2102,2017-04-11,6.4
1143,2017-04-11,
1406,2017-04-12,0.0
593,2017-04-12,0.8
2103,2017-04-12,16.5
1761,2017-04-12,2.8
232,2017-04-12,0.0
897,2017-04-12,7.4
1144,2017-04-12,
1145,2017-04-13,
2104,2017-04-13,5.8
594,2017-04-13,6.9
233,2017-04-13,0.0
1762,2017-04-13,15.0
1407,2017-04-13,0.0
898,2017-04-13,0.0
1408,2017-04-14,9.1
595,2017-04-14,17.5
1763,2017-04-14,58.4
234,2017-04-14,6.6
2105,2017-04-14,71.6
899,2017-04-14,7.4
2106,2017-04-15,22.9
235,2017-04-15,0.3
1409,2017-04-15,0.0
1764,2017-04-15,9.7
596,2017-04-15,11.4
597,2017-04-16,12.4
1765,2017-04-16,11.9
2107,2017-04-16,2.8
1410,2017-04-16,0.0
236,2017-04-16,0.0
1411,2017-04-17,7.6
2108,2017-04-17,33.0
598,2017-04-17,10.4
1146,2017-04-17,
237,2017-04-17,0.5
900,2017-04-17,
1766,2017-04-17,26.4
2109,2017-04-18,24.9
1412,2017-04-18,3.8
901,2017-04-18,3.0
1147,2017-04-18,0.0
599,2017-04-18,2.0
238,2017-04-18,0.0
1767,2017-04-18,51.6
1768,2017-04-19,0.5
239,2017-04-19,0.5
1148,2017-04-19,
600,2017-04-19,0.5
2110,2017-04-19,3.6
902,2017-04-19,0.0
1413,2017-04-19,0.0
240,2017-04-20,1.3
903,2017-04-20,0.0
2111,2017-04-20,0.0
1414,2017-04-20,8.9
601,2017-04-20,8.4
1149,2017-04-20,
1769,2017-04-20,1.3
2112,2017-04-21,46.7
1770,2017-04-21,44.2
241,2017-04-21,5.8
1415,2017-04-21,59.9
1150,2017-04-21,
602,2017-04-21,29.5
904,2017-04-21,26.7
603,2017-04-22,25.7
242,2017-04-22,8.1
2113,2017-04-22,34.3
1771,2017-04-22,40.1
905,2017-04-22,17.8
2114,2017-04-23,8.9
604,2017-04-23,0.5
1772,2017-04-23,1.5
243,2017-04-23,0.8
1773,2017-04-24,0.3
605,2017-04-24,0.0
1151,2017-04-24,
1416,2017-04-24,
2115,2017-04-24,1.3
244,2017-04-24,0.0
906,2017-04-24,
606,2017-04-25,0.0
1417,2017-04-25,0.0
2116,2017-04-25,0.0
245,2017-04-25,0.0
1774,2017-04-25,0.0
907,2017-04-25,0.0
1152,2017-04-25,
246,2017-04-26,0.0
607,2017-04-26,0.0
1418,2017-04-26,0.3
908,2017-04-26,3.6
2117,2017-04-26,5.6
1775,2017-04-26,0.5
2118,2017-04-27,2.8
247,2017-04-27,0.0
1776,2017-04-27,4.8
608,2017-04-27,2.5
1153,2017-04-27,
1419,2017-04-27,0.0
909,2017-04-27,0.5
609,2017-04-28,66.0
248,2017-04-28,0.0
1154,2017-04-28,
1777,2017-04-28,19.3
910,2017-04-28,2.3
2119,2017-04-28,20.1
1420,2017-04-28,0.0
911,2017-04-29,24.1
2120,2017-04-29,0.0
1421,2017-04-29,158.8
1778,2017-04-29,9.4
610,2017-04-29,8.9
249,2017-04-29,3.0
250,2017-04-30,22.6
611,2017-04-30,30.7
2121,2017-04-30,20.3
1422,2017-04-30,33.3
912,2017-04-30,29.7
1779,2017-04-30,26.4
913,2017-05-01,0.8
612,2017-05-01,1.8
251,2017-05-01,6.6
1780,2017-05-01,3.3
2122,2017-05-01,6.4
1423,2017-05-01,1.8
252,2017-05-02,0.0
914,2017-05-02,0.3
1781,2017-05-02,0.3
2123,2017-05-02,0.0
613,2017-05-02,0.8
1424,2017-05-02,0.0
253,2017-05-03,0.0
915,2017-05-03,0.3
614,2017-05-03,0.3
1782,2017-05-03,0.3
1425,2017-05-03,0.0
1426,2017-05-04,0.0
254,2017-05-04,0.0
916,2017-05-04,2.0
1783,2017-05-04,0.0
615,2017-05-04,0.0
2124,2017-05-04,
616,2017-05-05,0.0
2125,2017-05-05,2.5
917,2017-05-05,7.1
1427,2017-05-05,0.0
1784,2017-05-05,0.0
255,2017-05-05,0.0
1785,2017-05-06,0.0
617,2017-05-06,0.0
2126,2017-05-06,0.0
256,2017-05-06,0.0
1428,2017-05-06,0.0
918,2017-05-06,1.5
257,2017-05-07,0.0
1786,2017-05-07,0.5
618,2017-05-07,1.8
1429,2017-05-07,0.0
2127,2017-05-07,0.8
1787,2017-05-08,18.5
619,2017-05-08,5.6
258,2017-05-08,0.0
919,2017-05-08,24.1
2128,2017-05-08,28.2
1430,2017-05-08,0.0
1431,2017-05-09,17.3
920,2017-05-09,13.2
1788,2017-05-09,40.1
620,2017-05-09,41.1
2129,2017-05-09,5.8
621,2017-05-10,1.3
2130,2017-05-10,14.0
1432,2017-05-10,1.5
259,2017-05-10,0.0
921,2017-05-10,0.0
1789,2017-05-10,5.1
2131,2017-05-11,11.2
1433,2017-05-11,0.0
1790,2017-05-11,3.0
260,2017-05-11,0.3
622,2017-05-11,0.8
1434,2017-05-12,0.0
2132,2017-05-12,2.5
261,2017-05-12,0.0
623,2017-05-12,1.0
1791,2017-05-12,0.5
922,2017-05-12,
262,2017-05-13,0.0
1435,2017-05-13,0.0
2133,2017-05-13,2.5
1792,2017-05-13,3.0
624,2017-05-13,0.5
1793,2017-05-14,4.3
625,2017-05-14,1.3
1436,2017-05-14,0.0
263,2017-05-14,0.0
2134,2017-05-14,25.4
626,2017-05-15,2.0
1437,2017-05-15,1.5
923,2017-05-15,
2135,2017-05-15,15.2
264,2017-05-15,1.3
1794,2017-05-15,2.3
1795,2017-05-16,0.8
924,2017-05-16,1.3
627,2017-05-16,0.8
265,2017-05-16,0.3
2136,2017-05-16,7.6
1438,2017-05-16,0.0
628,2017-05-17,0.5
2137,2017-05-17,1.5
925,2017-05-17,0.0
1439,2017-05-17,0.0
1796,2017-05-17,1.8
266,2017-05-17,0.0
267,2017-05-18,0.3
926,2017-05-18,4.1
2138,2017-05-18,0.0
1797,2017-05-18,3.3
1440,2017-05-18,11.7
629,2017-05-18,2.3
268,2017-05-19,0.0
1798,2017-05-19,0.3
630,2017-05-19,0.5
927,2017-05-19,0.3
269,2017-05-20,0.0
1441,2017-05-20,
2139,2017-05-20,
928,2017-05-20,0.3
631,2017-05-20,0.0
1799,2017-05-20,0.5
1800,2017-05-21,0.3
632,2017-05-21,0.0
2140,2017-05-21,0.0
1442,2017-05-21,0.0
270,2017-05-21,0.0
929,2017-05-22,
1801,2017-05-22,1.5
1443,2017-05-22,0.0
2141,2017-05-22,7.6
633,2017-05-22,0.0
271,2017-05-22,0.0
930,2017-05-23,2.8
1444,2017-05-23,0.0
1802,2017-05-23,1.5
2142,2017-05-23,11.2
272,2017-05-23,2.0
634,2017-05-23,0.5
931,2017-05-24,2.5
273,2017-05-24,3.3
1445,2017-05-24,15.5
635,2017-05-24,14.7
1803,2017-05-24,7.6
2143,2017-05-24,55.1
1446,2017-05-25,14.0
1804,2017-05-25,5.1
274,2017-05-25,3.8
932,2017-05-25,1.8
636,2017-05-25,9.4
2144,2017-05-25,22.4
1447,2017-05-26,0.0
1805,2017-05-26,0.0
637,2017-05-26,0.5
2145,2017-05-26,0.0
933,2017-05-26,0.0
2146,2017-05-27,12.7
638,2017-05-27,0.0
934,2017-05-27,0.0
275,2017-05-27,0.3
1448,2017-05-27,0.0
1806,2017-05-27,0.0
2147,2017-05-28,0.0
276,2017-05-28,0.5
639,2017-05-28,7.4
935,2017-05-28,0.5
1449,2017-05-28,0.0
1807,2017-05-28,2.0
936,2017-05-29,0.0
1450,2017-05-29,0.0
640,2017-05-29,0.5
277,2017-05-29,0.0
1808,2017-05-29,10.2
1809,2017-05-30,28.4
937,2017-05-30,1.0
1451,2017-05-30,2.8
641,2017-05-30,5.1
278,2017-05-30,6.6
2148,2017-05-30,
279,2017-05-31,0.5
1810,2017-05-31,6.4
938,2017-05-31,0.0
1452,2017-05-31,0.0
642,2017-05-31,2.5
2149,2017-06-01,0.3
939,2017-06-01,0.0
643,2017-06-01,0.8
1811,2017-06-01,0.0
280,2017-06-01,0.0
1453,2017-06-01,0.0
281,2017-06-02,0.0
1812,2017-06-02,2.3
644,2017-06-02,2.5
1155,2017-06-02,
1454,2017-06-02,0.0
940,2017-06-02,3.8
941,2017-06-03,4.1
645,2017-06-03,5.1
1813,2017-06-03,2.0
1455,2017-06-03,3.8
282,2017-06-03,0.5
2150,2017-06-03,
283,2017-06-04,0.0
1814,2017-06-04,3.3
646,2017-06-04,3.8
2151,2017-06-04,20.8
942,2017-06-04,1.3
1456,2017-06-04,0.0
1815,2017-06-05,1.3
1156,2017-06-05,
284,2017-06-05,0.0
1457,2017-06-05,0.0
943,2017-06-05,0.5
2152,2017-06-05,0.3
647,2017-06-05,0.0
1816,2017-06-06,0.0
944,2017-06-06,0.0
285,2017-06-06,0.0
648,2017-06-06,0.0
2153,2017-06-06,0.0
1157,2017-06-06,
1458,2017-06-06,0.0
1459,2017-06-07,0.0
649,2017-06-07,0.0
945,2017-06-07,0.0
286,2017-06-07,0.0
1817,2017-06-07,0.0
1158,2017-06-07,
2154,2017-06-07,0.3
1159,2017-06-08,
1460,2017-06-08,0.0
1818,2017-06-08,0.0
287,2017-06-08,0.0
946,2017-06-08,0.3
650,2017-06-08,0.5
2155,2017-06-08,0.0
1461,2017-06-09,0.0
288,2017-06-09,0.0
947,2017-06-09,0.0
1160,2017-06-09,
651,2017-06-09,0.5
1819,2017-06-09,0.5
1820,2017-06-10,15.7
289,2017-06-10,1.0
652,2017-06-10,5.3
1462,2017-06-10,3.3
2156,2017-06-10,
948,2017-06-10,13.5
653,2017-06-11,6.1
949,2017-06-11,3.6
1821,2017-06-11,18.8
290,2017-06-11,2.0
1463,2017-06-11,6.4
2157,2017-06-11,17.8
291,2017-06-12,0.5
950,2017-06-12,8.9
2158,2017-06-12,20.6
1822,2017-06-12,6.1
1464,2017-06-12,3.6
654,2017-06-12,4.8
2159,2017-06-13,16.5
292,2017-06-13,0.0
1823,2017-06-13,6.1
1465,2017-06-13,0.8
1161,2017-06-13,
951,2017-06-13,2.5
655,2017-06-13,9.1
293,2017-06-14,0.0
1824,2017-06-14,5.6
1466,2017-06-14,1.5
2160,2017-06-14,20.6
656,2017-06-14,6.9
1162,2017-06-14,
952,2017-06-14,5.3
2161,2017-06-15,42.9
294,2017-06-15,0.0
657,2017-06-15,4.3
953,2017-06-15,7.6
1467,2017-06-15,0.0
1163,2017-06-15,
1825,2017-06-15,14.0
658,2017-06-16,0.5
2162,2017-06-16,2.5
295,2017-06-16,0.0
1164,2017-06-16,
1826,2017-06-16,1.5
954,2017-06-16,0.5
1468,2017-06-16,0.0
1827,2017-06-17,1.8
955,2017-06-17,0.5
296,2017-06-17,0.0
2163,2017-06-17,2.5
659,2017-06-17,8.9
1469,2017-06-17,0.0
2164,2017-06-18,17.8
1828,2017-06-18,6.1
297,2017-06-18,1.3
956,2017-06-18,4.6
660,2017-06-18,6.4
1470,2017-06-18,0.0
957,2017-06-19,4.8
2165,2017-06-19,10.2
298,2017-06-19,0.0
1471,2017-06-19,0.3
1165,2017-06-19,
661,2017-06-19,1.3
1829,2017-06-19,2.0
1830,2017-06-20,0.0
662,2017-06-20,1.3
2166,2017-06-20,7.9
958,2017-06-20,4.3
1166,2017-06-20,
299,2017-06-20,0.5
1167,2017-06-21,
300,2017-06-21,0.0
1472,2017-06-21,
2167,2017-06-21,7.6
1831,2017-06-21,4.8
663,2017-06-21,0.5
2168,2017-06-22,7.1
1473,2017-06-22,0.0
664,2017-06-22,2.5
301,2017-06-22,0.0
1168,2017-06-22,0.0
1832,2017-06-22,1.5
2169,2017-06-23,12.7
1474,2017-06-23,1.3
302,2017-06-23,0.0
959,2017-06-23,
1833,2017-06-23,3.0
1169,2017-06-23,0.0
665,2017-06-23,0.0
2170,2017-06-24,5.6
666,2017-06-24,0.0
303,2017-06-24,1.5
1475,2017-06-24,0.0
1834,2017-06-24,9.1
667,2017-06-25,2.0
1476,2017-06-25,0.0
304,2017-06-25,0.0
2171,2017-06-25,12.7
1835,2017-06-25,0.5
1170,2017-06-26,
2172,2017-06-26,0.5
960,2017-06-26,
668,2017-06-26,0.5
1477,2017-06-26,0.0
1836,2017-06-26,1.5
305,2017-06-26,0.0
2173,2017-06-27,2.5
1478,2017-06-27,0.0
306,2017-06-27,0.0
1171,2017-06-27,0.0
1837,2017-06-27,0.3
669,2017-06-27,0.0
1479,2017-06-28,0.0
2174,2017-06-28,0.5
1172,2017-06-28,0.0
670,2017-06-28,0.3
307,2017-06-28,0.0
1838,2017-06-28,0.0
2175,2017-06-29,1.0
1480,2017-06-29,0.0
1173,2017-06-29,0.0
671,2017-06-29,0.8
1839,2017-06-29,0.0
961,2017-06-29,
308,2017-06-29,0.0
1481,2017-06-30,1.8
1840,2017-06-30,0.3
672,2017-06-30,1.0
962,2017-06-30,0.0
1174,2017-06-30,3.0
2176,2017-06-30,5.1
309,2017-06-30,2.0
673,2017-07-01,1.5
2177,2017-07-01,2.5
1841,2017-07-01,2.0
310,2017-07-01,0.5
1482,2017-07-02,
674,2017-07-02,1.3
311,2017-07-02,0.5
1842,2017-07-02,3.8
2178,2017-07-02,12.7
2179,2017-07-03,10.2
963,2017-07-03,
675,2017-07-03,3.3
1843,2017-07-03,3.8
1483,2017-07-03,0.5
1175,2017-07-03,
312,2017-07-03,1.0
2180,2017-07-04,0.0
1844,2017-07-04,2.0
313,2017-07-04,1.0
676,2017-07-04,0.8
1484,2017-07-05,
1845,2017-07-05,0.0
677,2017-07-05,0.0
314,2017-07-05,0.0
2181,2017-07-05,0.0
964,2017-07-05,
1176,2017-07-05,
1846,2017-07-06,0.0
678,2017-07-06,0.0
2182,2017-07-06,0.5
1485,2017-07-06,0.0
1177,2017-07-06,
315,2017-07-06,0.0
679,2017-07-07,0.5
2183,2017-07-07,7.6
965,2017-07-07,
1847,2017-07-07,4.6
1178,2017-07-07,
316,2017-07-07,0.0
1486,2017-07-07,0.0
1487,2017-07-08,0.0
2184,2017-07-08,0.5
317,2017-07-08,0.0
1848,2017-07-08,0.0
680,2017-07-08,0.5
966,2017-07-08,1.5
318,2017-07-09,0.0
2185,2017-07-09,0.0
967,2017-07-09,0.0
681,2017-07-09,2.3
1488,2017-07-09,0.0
1849,2017-07-09,2.8
1489,2017-07-10,0.0
968,2017-07-10,0.0
1850,2017-07-10,0.5
682,2017-07-10,0.0
1179,2017-07-10,
2186,2017-07-10,0.5
319,2017-07-10,0.0
1851,2017-07-11,0.5
683,2017-07-11,0.3
320,2017-07-11,0.0
1490,2017-07-11,0.0
969,2017-07-11,0.0
2187,2017-07-11,0.0
1180,2017-07-11,
2188,2017-07-12,1.3
1181,2017-07-12,
970,2017-07-12,0.5
684,2017-07-12,0.3
1852,2017-07-12,7.1
1491,2017-07-12,0.0
321,2017-07-12,0.0
685,2017-07-13,8.4
971,2017-07-13,7.6
1492,2017-07-13,2.8
322,2017-07-13,1.8
1853,2017-07-13,8.1
1182,2017-07-13,
2189,2017-07-13,17.3
972,2017-07-14,0.0
2190,2017-07-14,17.3
323,2017-07-14,0.5
1493,2017-07-14,0.0
686,2017-07-14,1.3
1854,2017-07-14,5.1
324,2017-07-15,0.0
973,2017-07-15,0.3
687,2017-07-15,0.8
2191,2017-07-15,2.5
1494,2017-07-15,0.0
1855,2017-07-15,1.3
2192,2017-07-16,12.7
688,2017-07-16,1.8
325,2017-07-16,0.5
1856,2017-07-16,2.5
974,2017-07-16,3.0
1495,2017-07-16,0.0
689,2017-07-17,3.0
1857,2017-07-17,5.3
1496,2017-07-17,0.0
975,2017-07-17,4.1
326,2017-07-17,0.8
2193,2017-07-17,9.9
1183,2017-07-18,0.0
1858,2017-07-18,1.3
1497,2017-07-18,0.0
327,2017-07-18,1.3
976,2017-07-18,0.0
690,2017-07-18,0.8
2194,2017-07-18,61.0
1859,2017-07-19,1.3
1498,2017-07-19,0.0
977,2017-07-19,2.3
2195,2017-07-19,6.9
1184,2017-07-19,0.0
691,2017-07-19,0.0
2196,2017-07-20,17.8
978,2017-07-20,0.0
1185,2017-07-20,0.0
692,2017-07-20,3.0
328,2017-07-20,0.8
1499,2017-07-20,8.4
1860,2017-07-20,1.5
1861,2017-07-21,0.8
979,2017-07-21,0.0
693,2017-07-21,0.0
2197,2017-07-21,2.5
1500,2017-07-21,0.0
329,2017-07-21,0.0
1186,2017-07-21,0.0
1862,2017-07-22,5.1
1501,2017-07-22,0.0
694,2017-07-22,1.8
2198,2017-07-22,101.6
980,2017-07-22,3.0
330,2017-07-22,0.8
981,2017-07-23,1.8
1863,2017-07-23,5.1
695,2017-07-23,1.5
331,2017-07-23,0.0
2199,2017-07-23,20.3
2200,2017-07-24,21.3
982,2017-07-24,30.2
696,2017-07-24,14.7
332,2017-07-24,1.3
1864,2017-07-24,15.5
1502,2017-07-24,
1503,2017-07-25,1.3
697,2017-07-25,0.8
983,2017-07-25,3.0
2201,2017-07-25,7.6
333,2017-07-25,0.0
1865,2017-07-25,2.8
1187,2017-07-25,0.0
2202,2017-07-26,7.6
698,2017-07-26,1.5
1504,2017-07-26,0.0
1866,2017-07-26,3.0
984,2017-07-26,0.5
334,2017-07-26,0.0
1188,2017-07-26,
699,2017-07-27,0.0
1505,2017-07-27,0.0
335,2017-07-27,0.0
1189,2017-07-27,
1867,2017-07-27,0.3
2203,2017-07-27,0.0
985,2017-07-27,0.0
700,2017-07-28,3.3
2204,2017-07-28,10.2
1506,2017-07-28,0.0
986,2017-07-28,3.6
1868,2017-07-28,2.3
336,2017-07-28,0.0
1190,2017-07-28,0.3
987,2017-07-29,0.5
701,2017-07-29,1.5
1869,2017-07-29,5.8
1507,2017-07-29,0.0
2205,2017-07-29,7.6
337,2017-07-29,0.0
2206,2017-07-30,7.6
1870,2017-07-30,0.0
702,2017-07-30,0.0
1508,2017-07-30,0.0
338,2017-07-30,0.0
339,2017-07-31,0.0
2207,2017-07-31,0.0
703,2017-07-31,0.0
1191,2017-07-31,
1871,2017-07-31,0.0
988,2017-07-31,
1509,2017-07-31,0.0
340,2017-08-01,0.5
2208,2017-08-01,
989,2017-08-01,3.0
1510,2017-08-01,0.0
1511,2017-08-02,0.0
2209,2017-08-02,6.4
990,2017-08-02,1.3
341,2017-08-02,0.0
991,2017-08-03,0.3
342,2017-08-03,0.0
2210,2017-08-03,1.5
1512,2017-08-03,0.0
1513,2017-08-04,0.0
992,2017-08-04,1.0
1872,2017-08-04,0.0
343,2017-08-04,0.5
2211,2017-08-05,
344,2017-08-05,0.0
1873,2017-08-05,1.5
2212,2017-08-06,
345,2017-08-06,0.0
1514,2017-08-06,0.0
1874,2017-08-06,0.0
993,2017-08-06,0.0
1515,2017-08-07,0.0
2213,2017-08-07,1.3
346,2017-08-07,0.0
994,2017-08-07,0.0
1516,2017-08-08,0.0
2214,2017-08-08,8.6
347,2017-08-08,0.0
995,2017-08-08,2.5
996,2017-08-09,0.0
348,2017-08-09,0.0
2215,2017-08-09,3.8
1517,2017-08-10,0.0
2216,2017-08-10,1.8
349,2017-08-10,0.0
997,2017-08-10,0.0
998,2017-08-11,0.0
1518,2017-08-11,0.0
2217,2017-08-11,
350,2017-08-11,0.0
1519,2017-08-12,0.0
2218,2017-08-12,3.6
351,2017-08-12,0.0
352,2017-08-13,0.0
2219,2017-08-13,
1520,2017-08-13,0.0
999,2017-08-13,
1875,2017-08-13,0.0
1521,2017-08-14,2.0
1000,2017-08-14,0.3
2220,2017-08-14,5.6
1876,2017-08-14,0.0
353,2017-08-14,0.0
1522,2017-08-15,1.5
2221,2017-08-15,10.7
1877,2017-08-15,8.1
1001,2017-08-15,0.0
354,2017-08-15,0.5
2222,2017-08-16,10.7
1878,2017-08-16,3.0
1523,2017-08-16,1.8
1002,2017-08-16,0.0
2223,2017-08-17,3.3
1879,2017-08-17,0.3
1003,2017-08-17,0.0
1524,2017-08-17,1.3
2224,2017-08-18,
1880,2017-08-18,1.5
1004,2017-08-18,0.0
355,2017-08-18,0.0
1005,2017-08-19,0.0
2225,2017-08-19,2.3
1525,2017-08-19,
356,2017-08-19,0.0
357,2017-08-20,0.0
1006,2017-08-20,0.3
2226,2017-08-20,
2227,2017-08-21,14.2
1007,2017-08-21,0.5
358,2017-08-21,0.0
1526,2017-08-21,
359,2017-08-22,0.0
2228,2017-08-22,12.7
1527,2017-08-22,0.0
1008,2017-08-23,0.0
360,2017-08-23,0.0
1528,2017-08-23,2.0
2229,2017-08-23,11.4
